id,name,album,album_id,artists,artist_ids,track_number,disc_number,explicit,danceability,energy,key,loudness,mode,speechiness,acousticness,instrumentalness,liveness,valence,tempo,duration_ms,time_signature,year,release_date
5YOkA7qd2983FtBQnP8sYx,Solo de Mi,Solo de Mi,4tpexvNazI77pndY3LdOLX,['Bad Bunny'],['4q3ewBCX7sLwd24euuV69X'],1,1,True,0.743,0.73,10,-4.314,0,0.125,0.287,8.1e-05,0.0778,0.15,179.972,197968,4.0,2018,2018-12-14
1HafbwhxZEVJl9zkQ4t03g,Cántalo,PAUSA,3hS1wzvOJuioDs9VV6HW3R,"['Ricky Martin', 'Residente', 'Bad Bunny']","['7slfeZO9LsJbWgpkIoXBUJ', '5GcWBUX00IPuWVGMIRK1sS', '4q3ewBCX7sLwd24euuV69X']",6,1,False,0.708,0.795,1,-4.71,1,0.115,0.0339,0.0,0.362,0.7340000000000001,95.041,218996,4.0,2020,2020-05-28
038kavjqUaGIYZL5lYocvX,Krippy Kush (feat. 21 Savage & Rvssian) - Remix,Krippy Kush (feat. 21 Savage & Rvssian) [Remix],6PLLKjD7vpHDrl8tc7aFaR,"['Farruko', 'Nicki Minaj', 'Bad Bunny', '21 Savage', 'Rvssian']","['329e4yvIujISKGKz1BZZbO', '0hCNtLu0JehylgoiP8L4Gh', '4q3ewBCX7sLwd24euuV69X', '1URnnhqYAYcrqrcwql10ft', '1fctva4kpRbg2k3v7kwRuS']",1,1,True,0.743,0.6709999999999999,9,-5.2410000000000005,1,0.122,0.0512,0.0,0.1159999999999999,0.499,163.22899999999996,237160,4.0,2017,2017-11-21
116H0KvKr2Zl4RPuVBruDO,MIA (feat. Drake),MIA (feat. Drake),0p0W4RXcnc59jgatcdZozO,"['Bad Bunny', 'Drake']","['4q3ewBCX7sLwd24euuV69X', '3TVXtAsR1Inumwj472S9r4']",1,1,False,0.8170000000000001,0.539,6,-6.349,0,0.0621,0.0141,0.000496,0.099,0.158,97.062,210368,4.0,2018,2018-10-11
3V8UKqhEK5zBkBb6d6ub8i,Te Boté - Remix,Te Boté (Remix),42wLKnuGyBLGWwH89lnimL,"['Nio Garcia', 'Casper Magico', 'Bad Bunny', 'Darell', 'Ozuna', 'Nicky Jam']","['5hdhHgpxyniooUiQVaPxQ0', '1fux65HMCBvfJHqlBc4Nno', '4q3ewBCX7sLwd24euuV69X', '1TtXnWcUs0FCkaZDPGYHdf', '1i8SpTcr7yvPOmcqrbnVXY', '1SupJlEpv7RS2tPNRaHViT']",1,1,True,0.903,0.675,11,-3.445,0,0.214,0.542,1.28e-05,0.0595,0.442,96.507,417920,4.0,2018,2018-04-13
3bsycjdQtbcJeR6822SBvd,I Like It,Invasion of Privacy,4sDAyYEMhD2YyREWKxj3aD,"['Cardi B', 'Bad Bunny', 'J Balvin']","['4kYSro6naA4h99UJvo89HB', '4q3ewBCX7sLwd24euuV69X', '1vyhD5VmyZ7KMfW5gqLgo5']",7,1,False,0.8140000000000001,0.721,5,-4.026,0,0.136,0.0981,0.0,0.3779999999999999,0.643,136.05,253390,4.0,2018,2018-04-05
6IoKSUyNOOheJRjiuGb1ew,47 - Remix,47 (Remix),0uwIB5LyXa2riRyWUwKiJA,"['Anuel AA', 'Sinfonico', 'Farruko', 'Ñengo Flow', 'Casper Magico', 'Darell', 'Bad Bunny', 'Lil Geniuz']","['2R21vXR83lH98kGeO99Y66', '17vZy9fIIt6woqdWfc7UCy', '329e4yvIujISKGKz1BZZbO', '12vb80Km0Ew53ABfJOepVz', '1fux65HMCBvfJHqlBc4Nno', '1TtXnWcUs0FCkaZDPGYHdf', '4q3ewBCX7sLwd24euuV69X', '7nuTWfojdN0o8d7NGDo71U']",1,1,True,0.711,0.6990000000000001,6,-4.891,1,0.193,0.248,0.0,0.254,0.376,146.016,517810,4.0,2017,2017-03-31
31e9lCl1p0tGbz3Sk15i9S,"Thinkin (feat. Anuel AA, Bad Bunny & Future)","Thinkin (feat. Anuel AA, Bad Bunny & Future)",5y42q0ijNPsFrjLSdpGNIR,"['Spiff TV', 'Anuel AA', 'Bad Bunny', 'Future']","['1PruL3P8slDEQAjSuOjuPd', '2R21vXR83lH98kGeO99Y66', '4q3ewBCX7sLwd24euuV69X', '1RyvyyTE3xzB2ZywiAwp0i']",1,1,False,0.871,0.599,2,-7.016,1,0.201,0.136,0.00426,0.0976,0.187,120.041,247982,4.0,2018,2018-04-06
2M3ksgOQpMfDppYru2zA14,Haters - Remix,La Fama Que Camina,6UWxKTmymTkZSHB7Y0sjU0,"['J Alvarez', 'Bad Bunny', 'Almighty']","['6XFITTl7cFTdopDY3lUdlY', '4q3ewBCX7sLwd24euuV69X', '6P6GTRTigHBp8ZesNtpCKH']",13,1,False,0.813,0.722,6,-5.625,0,0.155,0.0608,0.0,0.222,0.5820000000000001,129.96200000000002,328849,4.0,2018,2018-03-30
7narbj6zkSW1SnMhAPep0u,Triste,La Oscuridad,38QMtmbbl4jdpeQ29I8vMB,"['Bryant Myers', 'Bad Bunny']","['6w9ToX5slZ4uIdmD17hJ3c', '4q3ewBCX7sLwd24euuV69X']",6,1,True,0.6920000000000001,0.7190000000000001,9,-5.3729999999999976,1,0.124,0.408,0.0,0.0986,0.266,130.053,264906,4.0,2018,2018-07-27
1c0hsvHLELX6y8qymnpLKL,Soltera - Remix,Soltera (Remix),2m9Vuc9Q19qhSm6RQmBgsR,"['Lunay', 'Daddy Yankee', 'Bad Bunny']","['47MpMsUfWtgyIIBEFOr4FE', '4VMYDCV2IEDYJArk749S6m', '4q3ewBCX7sLwd24euuV69X']",1,1,False,0.795,0.7829999999999999,5,-4.271,1,0.0432,0.361,0.0,0.4370000000000001,0.799,92.01,266087,4.0,2019,2019-05-10
21WvAGxPUNJARcZoSqswd7,Satisfacción,Satisfacción,54kKKlH1NeDeihHxTYEvGA,"['Nicky Jam', 'Bad Bunny', 'Arcangel']","['1SupJlEpv7RS2tPNRaHViT', '4q3ewBCX7sLwd24euuV69X', '4SsVbpTthjScTS7U2hmr1X']",1,1,False,0.622,0.503,5,-6.724,0,0.201,0.282,0.0,0.1119999999999999,0.314,136.048,256493,4.0,2018,2018-08-03
1g2Z2lOrwayOzDqOc8EfbR,La Cartera,Gangalee,1PgFsarDcIwCvLX32DpcxB,"['Farruko', 'Bad Bunny']","['329e4yvIujISKGKz1BZZbO', '4q3ewBCX7sLwd24euuV69X']",1,1,False,0.7709999999999999,0.7959999999999999,10,-4.106,0,0.0798,0.0385,9.35e-06,0.218,0.636,87.985,289907,4.0,2019,2019-04-26
27GZ01uEeZvG7esdoed3pQ,Mala y Peligrosa (feat. Bad Bunny),25/7,2cJRX7IOFH07xtkDvB3gcG,"['Víctor Manuelle', 'Bad Bunny']","['4N5fp4zhTsVITZTVfsXpc2', '4q3ewBCX7sLwd24euuV69X']",8,1,False,0.731,0.779,10,-4.101,0,0.0898,0.622,2.96e-06,0.0419,0.907,88.993,264200,4.0,2018,2018-03-23
4ByaTrfoYbXrmlbsTG8MTD,Dame Algo,"Los Campeones del Pueblo ""The Big Leagues""",4zbMionGv9W33xjQfoMyuo,"['Wisin & Yandel', 'Bad Bunny']","['1wZtkThiXbVNtj6hee6dz9', '4q3ewBCX7sLwd24euuV69X']",7,1,True,0.8290000000000001,0.723,8,-3.743,0,0.105,0.176,0.0,0.0877,0.721,92.956,237907,4.0,2018,2018-12-14
2TH65lNHgvLxCKXM3apjxI,Callaita,Callaita,06S3Qjh4QWLtn6c7CVhYh7,"['Bad Bunny', 'Tainy']","['4q3ewBCX7sLwd24euuV69X', '0GM7qgcRCORpGnfcN2tCiB']",1,1,True,0.61,0.624,2,-4.773,1,0.309,0.6,2.12e-06,0.243,0.244,176.169,250534,4.0,2019,2019-05-31
278kSqsZIiYp8p3QjYAqa8,NI BIEN NI MAL,X 100PRE,7CjJb2mikwAWA1V6kewFBF,['Bad Bunny'],['4q3ewBCX7sLwd24euuV69X'],1,1,True,0.826,0.449,5,-8.33,0,0.0674,0.556,1.85e-05,0.273,0.337,128.028,236216,4.0,2018,2018-12-23
5jGUJXnELDaDTgiRjD9lsg,200 Mph,X 100PRE,7CjJb2mikwAWA1V6kewFBF,"['Bad Bunny', 'Diplo', 'Nitti Gritti']","['4q3ewBCX7sLwd24euuV69X', '5fMUXHkw8R8eOP2RNVYEZX', '21AUdblPrTRzkvJn8FGrlk']",2,1,True,0.85,0.5,8,-6.7079999999999975,1,0.0665,0.0139,0.000384,0.0947,0.816,160.02,170509,4.0,2018,2018-12-23
6kN06eEOblRAuWI0xUUS91,¿Quien Tu Eres?,X 100PRE,7CjJb2mikwAWA1V6kewFBF,['Bad Bunny'],['4q3ewBCX7sLwd24euuV69X'],3,1,True,0.727,0.58,2,-6.803999999999999,0,0.136,0.185,3.58e-06,0.125,0.325,137.048,159229,4.0,2018,2018-12-23
6it15CsDlkqB7N4lF0C1qM,Caro,X 100PRE,7CjJb2mikwAWA1V6kewFBF,['Bad Bunny'],['4q3ewBCX7sLwd24euuV69X'],4,1,True,0.6509999999999999,0.575,0,-7.739,1,0.299,0.627,0.000202,0.0961,0.248,160.007,229456,4.0,2018,2018-12-23
5VQpJ2AY2iMzrRZKgcvNjh,Tenemos Que Hablar,X 100PRE,7CjJb2mikwAWA1V6kewFBF,['Bad Bunny'],['4q3ewBCX7sLwd24euuV69X'],5,1,True,0.855,0.512,11,-8.165,1,0.0534,0.146,0.0008539999999999,0.107,0.144,146.075,224512,4.0,2018,2018-12-23
4vCAzANUWDE24URV6wQ4ra,Otra Noche en Miami,X 100PRE,7CjJb2mikwAWA1V6kewFBF,['Bad Bunny'],['4q3ewBCX7sLwd24euuV69X'],6,1,True,0.514,0.6459999999999999,1,-8.833,1,0.275,0.1969999999999999,2.3e-05,0.0958,0.297,88.661,233128,4.0,2018,2018-12-23
4UEuIEv9Wc3wtiWUplGJ7q,Ser Bichote,X 100PRE,7CjJb2mikwAWA1V6kewFBF,['Bad Bunny'],['4q3ewBCX7sLwd24euuV69X'],7,1,True,0.785,0.626,4,-8.03,0,0.0675,0.158,4.6e-06,0.181,0.183,154.946,193211,4.0,2018,2018-12-23
35wvL50xvKpCHEJPxLOLPI,Si Estuviésemos Juntos,X 100PRE,7CjJb2mikwAWA1V6kewFBF,['Bad Bunny'],['4q3ewBCX7sLwd24euuV69X'],8,1,True,0.672,0.594,1,-6.813,0,0.0789,0.0626,5.14e-05,0.152,0.158,171.854,169248,4.0,2018,2018-12-23
4uP3pUP18ennmz0tb3GphR,Solo de Mi,X 100PRE,7CjJb2mikwAWA1V6kewFBF,['Bad Bunny'],['4q3ewBCX7sLwd24euuV69X'],9,1,True,0.743,0.73,10,-4.314,0,0.125,0.287,8.1e-05,0.0778,0.15,179.972,197968,4.0,2018,2018-12-23
5mj8WVFcKdGA8p9HWGTSLc,Cuando Perriabas,X 100PRE,7CjJb2mikwAWA1V6kewFBF,['Bad Bunny'],['4q3ewBCX7sLwd24euuV69X'],10,1,True,0.787,0.705,0,-7.582000000000002,1,0.0695,0.1369999999999999,1.06e-06,0.108,0.499,81.99799999999998,188654,4.0,2018,2018-12-23
1khmgu0pveJbkbpbkyvcQv,La Romana,X 100PRE,7CjJb2mikwAWA1V6kewFBF,"['Bad Bunny', 'El Alfa']","['4q3ewBCX7sLwd24euuV69X', '2oQX8QiMXOyuqbcZEFsZfm']",11,1,True,0.655,0.725,0,-5.497000000000001,1,0.188,0.0327,0.00264,0.0611,0.326,125.8,300579,4.0,2018,2018-12-23
69ZaPBHhRMRDjRpW1ivnOU,Como Antes,X 100PRE,7CjJb2mikwAWA1V6kewFBF,['Bad Bunny'],['4q3ewBCX7sLwd24euuV69X'],12,1,False,0.767,0.379,0,-10.348,1,0.0385,0.6679999999999999,0.000145,0.217,0.252,103.956,230578,4.0,2018,2018-12-23
6pZHZndlo57dPCYnvlYFOE,RLNDT,X 100PRE,7CjJb2mikwAWA1V6kewFBF,['Bad Bunny'],['4q3ewBCX7sLwd24euuV69X'],13,1,True,0.6,0.528,0,-6.553999999999999,1,0.0308,0.263,0.0,0.588,0.142,108.025,284853,4.0,2018,2018-12-23
2OWVCFTolecLiGZPquvWvT,Estamos Bien,X 100PRE,7CjJb2mikwAWA1V6kewFBF,['Bad Bunny'],['4q3ewBCX7sLwd24euuV69X'],14,1,False,0.759,0.536,9,-6.662999999999999,0,0.173,0.821,4.57e-06,0.107,0.439,119.883,208080,4.0,2018,2018-12-23
3gE4eQH3K83Sght0ZLvuBK,MIA,X 100PRE,7CjJb2mikwAWA1V6kewFBF,"['Bad Bunny', 'Drake']","['4q3ewBCX7sLwd24euuV69X', '3TVXtAsR1Inumwj472S9r4']",15,1,False,0.816,0.5379999999999999,6,-6.354,0,0.0617,0.0142,0.000496,0.099,0.156,97.054,210368,4.0,2018,2018-12-23
1R2mapMAUiYqre6jcFX57g,Desde el Corazón,Más de un Siglo,0kTaCeKofQWaCUnXUPx6eW,['Bad Bunny'],['4q3ewBCX7sLwd24euuV69X'],3,1,False,0.7390000000000001,0.6629999999999999,10,-6.398,0,0.266,0.0529,0.0,0.198,0.368,180.025,127040,4.0,2018,2018-12-03
4t9a07PAghtQMRAIP9FQ7Z,Soltera - Remix,Épico,46xbsFOp9g1WqTidQEs7YT,"['Lunay', 'Daddy Yankee', 'Bad Bunny']","['47MpMsUfWtgyIIBEFOr4FE', '4VMYDCV2IEDYJArk749S6m', '4q3ewBCX7sLwd24euuV69X']",7,1,False,0.795,0.7829999999999999,5,-4.271,1,0.0432,0.361,0.0,0.4370000000000001,0.799,92.01,266087,4.0,2019,2019-10-25
58q2HKrzhC3ozto2nDdN4z,I Like It,Invasion of Privacy,4KdtEKjY3Gi0mKiSdy96ML,"['Cardi B', 'Bad Bunny', 'J Balvin']","['4kYSro6naA4h99UJvo89HB', '4q3ewBCX7sLwd24euuV69X', '1vyhD5VmyZ7KMfW5gqLgo5']",7,1,True,0.816,0.726,5,-3.998,0,0.129,0.099,0.0,0.3720000000000001,0.65,136.048,253390,4.0,2018,2018-04-06
41wtwzCZkXwpnakmwJ239F,Si Veo a Tu Mamá,YHLQMDLG,5lJqux7orBlA1QzyiBGti1,['Bad Bunny'],['4q3ewBCX7sLwd24euuV69X'],1,1,False,0.9,0.603,2,-5.313,1,0.0646,0.402,4.81e-06,0.134,0.8240000000000001,129.928,170972,4.0,2020,2020-02-28
6NfrH0ANGmgBXyxgV2PeXt,La Difícil,YHLQMDLG,5lJqux7orBlA1QzyiBGti1,['Bad Bunny'],['4q3ewBCX7sLwd24euuV69X'],2,1,True,0.685,0.848,8,-4.561,0,0.0858,0.0861,7.14e-06,0.0783,0.7609999999999999,179.87,163084,4.0,2020,2020-02-28
75pQqzwgCjUOSSy5CpmAjy,Pero Ya No,YHLQMDLG,5lJqux7orBlA1QzyiBGti1,['Bad Bunny'],['4q3ewBCX7sLwd24euuV69X'],3,1,False,0.882,0.612,4,-6.103,1,0.118,0.0475,5.07e-06,0.182,0.742,147.982,160638,4.0,2020,2020-02-28
69vlMrzHwATKzupwNcUPyK,La Santa,YHLQMDLG,5lJqux7orBlA1QzyiBGti1,"['Bad Bunny', 'Daddy Yankee']","['4q3ewBCX7sLwd24euuV69X', '4VMYDCV2IEDYJArk749S6m']",4,1,True,0.7440000000000001,0.868,1,-4.524,1,0.047,0.0326,0.0,0.0822,0.586,93.037,206420,4.0,2020,2020-02-28
0SqqAgdovOE24BzxIClpjw,Yo Perreo Sola,YHLQMDLG,5lJqux7orBlA1QzyiBGti1,['Bad Bunny'],['4q3ewBCX7sLwd24euuV69X'],5,1,False,0.86,0.758,11,-5.16,1,0.0695,0.021,6.54e-05,0.344,0.4529999999999999,97.014,172127,4.0,2020,2020-02-28
4j4w4CXm6BSr0s25wAWrrX,Bichiyal,YHLQMDLG,5lJqux7orBlA1QzyiBGti1,"['Bad Bunny', 'Yaviah']","['4q3ewBCX7sLwd24euuV69X', '0Y30TbA4p8SAfCzy2AFBa8']",6,1,True,0.737,0.7659999999999999,10,-4.242,0,0.0458,0.31,6.63e-06,0.114,0.662,93.956,196500,4.0,2020,2020-02-28
7sOfmPd18RWp3FoCzpa7Kw,Soliá,YHLQMDLG,5lJqux7orBlA1QzyiBGti1,['Bad Bunny'],['4q3ewBCX7sLwd24euuV69X'],7,1,True,0.71,0.81,2,-5.5070000000000014,1,0.0854,0.1169999999999999,0.000132,0.154,0.184,92.041,159282,4.0,2020,2020-02-28
5kqNIqFjijuzvVLhuY9B8j,La Zona,YHLQMDLG,5lJqux7orBlA1QzyiBGti1,['Bad Bunny'],['4q3ewBCX7sLwd24euuV69X'],8,1,True,0.762,0.8009999999999999,1,-3.661,0,0.0409,0.2,7.04e-05,0.254,0.81,93.992,136893,4.0,2020,2020-02-28
53v2u51nq3CxiKUNphRzP1,Que Malo,YHLQMDLG,5lJqux7orBlA1QzyiBGti1,"['Bad Bunny', 'Ñengo Flow']","['4q3ewBCX7sLwd24euuV69X', '12vb80Km0Ew53ABfJOepVz']",9,1,True,0.802,0.787,7,-6.181,0,0.0599,0.0832,0.0,0.153,0.446,94.026,167975,4.0,2020,2020-02-28
2n7ohqg1s68ToAHh4u9mcW,Vete,YHLQMDLG,5lJqux7orBlA1QzyiBGti1,['Bad Bunny'],['4q3ewBCX7sLwd24euuV69X'],10,1,True,0.8859999999999999,0.672,1,-4.394,1,0.188,0.0363,8.78e-06,0.1009999999999999,0.526,91.976,192024,4.0,2020,2020-02-28
38RIEav39FGi86jppxO0du,Ignorantes,YHLQMDLG,5lJqux7orBlA1QzyiBGti1,"['Bad Bunny', 'Sech']","['4q3ewBCX7sLwd24euuV69X', '77ziqFxp5gaInVrF2lj4ht']",11,1,True,0.85,0.536,1,-5.1610000000000005,1,0.0599,0.267,3.89e-05,0.0996,0.505,96.029,210607,4.0,2020,2020-02-28
4r9jkMEnArtWGH2rL2FZl0,A Tu Merced,YHLQMDLG,5lJqux7orBlA1QzyiBGti1,['Bad Bunny'],['4q3ewBCX7sLwd24euuV69X'],12,1,False,0.86,0.7909999999999999,0,-4.784,1,0.0568,0.1689999999999999,0.000106,0.106,0.887,92.023,175918,4.0,2020,2020-02-28
5J7teKIJGtqVypgYI6sqXj,Una Vez,YHLQMDLG,5lJqux7orBlA1QzyiBGti1,"['Bad Bunny', 'Mora']","['4q3ewBCX7sLwd24euuV69X', '0Q8NcsJwoCbZOHHW63su5S']",13,1,True,0.55,0.598,11,-5.402,0,0.0831,0.132,2.58e-06,0.0955,0.5429999999999999,83.836,232496,4.0,2020,2020-02-28
2DEZmgHKAvm41k4J3R2E9Y,Safaera,YHLQMDLG,5lJqux7orBlA1QzyiBGti1,"['Bad Bunny', 'Jowell & Randy', 'Ñengo Flow']","['4q3ewBCX7sLwd24euuV69X', '4IMAo2UQchVFyPH24PAjUs', '12vb80Km0Ew53ABfJOepVz']",14,1,True,0.607,0.8290000000000001,2,-4.074,1,0.379,0.0103,0.0,0.107,0.685,96.172,295177,4.0,2020,2020-02-28
4NqQaovM14WR2hNPMFxgjb,25/8,YHLQMDLG,5lJqux7orBlA1QzyiBGti1,['Bad Bunny'],['4q3ewBCX7sLwd24euuV69X'],15,1,False,0.7609999999999999,0.732,4,-5.468999999999999,0,0.0549,0.092,0.0,0.0716,0.542,151.982,243276,4.0,2020,2020-02-28
4saHEjXw7O1NXJOzBkUKKG,Está Cabrón Ser Yo,YHLQMDLG,5lJqux7orBlA1QzyiBGti1,"['Bad Bunny', 'Anuel AA']","['4q3ewBCX7sLwd24euuV69X', '2R21vXR83lH98kGeO99Y66']",16,1,True,0.81,0.8540000000000001,10,-3.999,0,0.254,0.0732,0.0,0.123,0.879,154.083,227939,4.0,2020,2020-02-28
5gCg2qMPzKkW4jS4dBKdDs,Puesto Pa' Guerrial,YHLQMDLG,5lJqux7orBlA1QzyiBGti1,"['Bad Bunny', 'Myke Towers']","['4q3ewBCX7sLwd24euuV69X', '7iK8PXO48WeuP03g8YR51W']",17,1,True,0.867,0.6859999999999999,4,-5.3420000000000005,1,0.221,0.311,0.0,0.1,0.6579999999999999,139.968,190207,4.0,2020,2020-02-28
0fgsKar6uBO08vzHXkTjWi,P FKN R,YHLQMDLG,5lJqux7orBlA1QzyiBGti1,"['Bad Bunny', 'Kendo Kaponi', 'Arcangel']","['4q3ewBCX7sLwd24euuV69X', '1WMwuNKzEFtU6pPkdtryYS', '4SsVbpTthjScTS7U2hmr1X']",18,1,True,0.82,0.635,5,-5.749,0,0.0772,0.409,0.0,0.244,0.528,101.024,258280,4.0,2020,2020-02-28
1V8XneTrX6kKeoxYbk4x6h,Hablamos Mañana,YHLQMDLG,5lJqux7orBlA1QzyiBGti1,"['Bad Bunny', 'Duki', 'Pablo Chill-E']","['4q3ewBCX7sLwd24euuV69X', '1bAftSH8umNcGZ0uyV7LMg', '2XcZshqzPKm3iZcmt73R8D']",19,1,False,0.6829999999999999,0.677,1,-4.496,1,0.0469,0.0869,0.0,0.0998,0.514,156.019,240253,4.0,2020,2020-02-28
4MZSqgwlE71CWZ6qQ3gkKm,<3,YHLQMDLG,5lJqux7orBlA1QzyiBGti1,['Bad Bunny'],['4q3ewBCX7sLwd24euuV69X'],20,1,False,0.631,0.665,10,-7.588999999999999,0,0.2289999999999999,0.602,1.7e-06,0.152,0.634,80.35300000000002,157967,4.0,2020,2020-02-28
6WGTfHSQtUcEx5vgpxTLCs,LOYAL (feat. Drake and Bad Bunny) - Remix,PARTYMOBILE,2T8UlI17u5hwTqu6zkpkW7,"['PARTYNEXTDOOR', 'Drake', 'Bad Bunny']","['2HPaUgqeutzr3jx5a9WyDV', '3TVXtAsR1Inumwj472S9r4', '4q3ewBCX7sLwd24euuV69X']",15,1,True,0.877,0.529,0,-6.235,0,0.0461,0.479,0.00159,0.094,0.422,104.984,281120,4.0,2020,2020-03-27
1zaDh3qaGSeSmulNyWlUxm,SI ELLA SALE,LAS QUE NO IBAN A SALIR,4gvQO5mEuhbMSrLIuwXkmz,['Bad Bunny'],['4q3ewBCX7sLwd24euuV69X'],1,1,False,0.8690000000000001,0.727,7,-7.397,1,0.123,0.0589,0.0099099999999999,0.107,0.92,147.967,143240,4.0,2020,2020-05-10
4EJHKSnHENfjOxXWryyNtL,MÁS DE UNA CITA,LAS QUE NO IBAN A SALIR,4gvQO5mEuhbMSrLIuwXkmz,"['Bad Bunny', 'Zion & Lennox']","['4q3ewBCX7sLwd24euuV69X', '21451j1KhjAiaYKflxBjr1']",2,1,True,0.865,0.5,5,-10.805,1,0.0861,0.0122,7.730000000000001e-05,0.098,0.317,92.976,183520,4.0,2020,2020-05-10
0FktnzDqjClqU6iqOZVEs2,BYE ME FUI,LAS QUE NO IBAN A SALIR,4gvQO5mEuhbMSrLIuwXkmz,['Bad Bunny'],['4q3ewBCX7sLwd24euuV69X'],3,1,True,0.7120000000000001,0.599,5,-6.3420000000000005,0,0.1119999999999999,0.412,2.15e-05,0.103,0.588,179.78799999999995,178000,4.0,2020,2020-05-10
3pm4XtcsRIFFtH2UErk62R,CANCIÓN CON YANDEL,LAS QUE NO IBAN A SALIR,4gvQO5mEuhbMSrLIuwXkmz,"['Yandel', 'Bad Bunny']","['0eHQ9o50hj6ZDNBt6Ys1sD', '4q3ewBCX7sLwd24euuV69X']",4,1,True,0.75,0.741,9,-4.43,1,0.402,0.447,0.0,0.121,0.495,79.968,209180,4.0,2020,2020-05-10
5XqCz18k96K8tx6DAYM97i,PA' ROMPERLA,LAS QUE NO IBAN A SALIR,4gvQO5mEuhbMSrLIuwXkmz,"['Bad Bunny', 'Don Omar']","['4q3ewBCX7sLwd24euuV69X', '33ScadVnbm2X8kkUqOkC6Z']",5,1,True,0.772,0.83,7,-5.019,1,0.0599,0.016,0.0,0.0843,0.6970000000000001,94.011,194200,4.0,2020,2020-05-10
5bmSver2b3ZXyuyLKtgnFI,BAD CON NICKY,LAS QUE NO IBAN A SALIR,4gvQO5mEuhbMSrLIuwXkmz,"['Bad Bunny', 'Nicky Jam']","['4q3ewBCX7sLwd24euuV69X', '1SupJlEpv7RS2tPNRaHViT']",6,1,True,0.59,0.7290000000000001,7,-4.95,0,0.0893,0.321,0.0,0.659,0.7120000000000001,93.094,202240,4.0,2020,2020-05-10
2CoMYp2uIKsT09nreEZnZn,BENDICIONES,LAS QUE NO IBAN A SALIR,4gvQO5mEuhbMSrLIuwXkmz,['Bad Bunny'],['4q3ewBCX7sLwd24euuV69X'],7,1,False,0.828,0.581,11,-9.909,1,0.0725,0.0378,0.0,0.103,0.843,143.995,155060,4.0,2020,2020-05-10
6KFjMJJq8UZpfUyDgeH0Yl,CÓMO SE SIENTE - Remix,LAS QUE NO IBAN A SALIR,4gvQO5mEuhbMSrLIuwXkmz,"['Jhay Cortez', 'Bad Bunny']","['0EFisYRi20PTADoJrifHrz', '4q3ewBCX7sLwd24euuV69X']",8,1,True,0.813,0.616,3,-8.867,0,0.0773,0.0926,0.0,0.122,0.347,93.0,227120,4.0,2020,2020-05-10
3XZeOzJ9tqnu58YP6cqApI,RONCA FREESTYLE,LAS QUE NO IBAN A SALIR,4gvQO5mEuhbMSrLIuwXkmz,['Bad Bunny'],['4q3ewBCX7sLwd24euuV69X'],9,1,True,0.856,0.6559999999999999,5,-6.483,0,0.131,0.165,0.0,0.0998,0.586,90.041,150060,4.0,2020,2020-05-10
2DhNdoHxavs7Qtf5MnhZD0,EN CASITA,LAS QUE NO IBAN A SALIR,4gvQO5mEuhbMSrLIuwXkmz,"['Bad Bunny', 'Gabriela']","['4q3ewBCX7sLwd24euuV69X', '1A8aoDrchH5aefQYBCfpLv']",10,1,False,0.779,0.764,0,-8.217,1,0.0938,0.221,0.000669,0.0909,0.675,158.093,176440,4.0,2020,2020-05-10
06s3QtMJVXw1AJX3UfvZG1,Hasta Que Dios Diga,Emmanuel,7JtT7OyWM8BnIS5FXXPMKg,"['Anuel AA', 'Bad Bunny']","['2R21vXR83lH98kGeO99Y66', '4q3ewBCX7sLwd24euuV69X']",5,1,True,0.691,0.765,8,-4.727,1,0.111,0.4639999999999999,3.29e-06,0.203,0.855,174.021,246000,4.0,2020,2020-05-29
6NfC2FKfsfzuLIF4lThw0A,Así Soy Yo,Emmanuel,7JtT7OyWM8BnIS5FXXPMKg,"['Anuel AA', 'Bad Bunny']","['2R21vXR83lH98kGeO99Y66', '4q3ewBCX7sLwd24euuV69X']",13,1,True,0.732,0.807,10,-3.424,0,0.1159999999999999,0.445,0.0015199999999999,0.0975,0.7240000000000001,176.02599999999995,226379,4.0,2020,2020-05-29
2AY1UAimvTqjJC8vDJsOyy,Mayores,MALA SANTA,13MHW8hoLFjX7SaVEVmj3X,"['Becky G', 'Bad Bunny']","['4obzFoKoKRHIphyHzJ35G3', '4q3ewBCX7sLwd24euuV69X']",16,1,False,0.745,0.836,5,-4.336,0,0.0444,0.145,0.00314,0.1159999999999999,0.8740000000000001,96.993,203187,4.0,2019,2019-10-18
4MtnnyXkgtagfUcUT663QT,Mayores - Urban Tropical,Mayores (Urban Tropical),6SewmHstYQsZ3LOknitRHG,"['Becky G', 'Bad Bunny', 'Ear Candy']","['4obzFoKoKRHIphyHzJ35G3', '4q3ewBCX7sLwd24euuV69X', '1yeRzIylR1uGMCvfAPcYPt']",1,1,False,0.716,0.853,10,-3.809,1,0.0487,0.0398,0.115,0.353,0.8590000000000001,97.008,210840,4.0,2017,2017-09-22
47EiUVwUp4C9fGccaPuUCS,Dakiti,Dakiti,43dl8hP5uNN9s6YeeJA5fv,"['Bad Bunny', 'Jhay Cortez']","['4q3ewBCX7sLwd24euuV69X', '0EFisYRi20PTADoJrifHrz']",1,1,True,0.731,0.573,4,-10.059,0,0.0544,0.401,5.22e-05,0.113,0.145,109.928,205090,4.0,2020,2020-10-30
6ipDE6Y0xrjEeaBTuPfW1K,Tu No Metes Cabra - Remix,Tu No Metes Cabra Remix,1iBPzt9tw4KVZ8yVSe4FfD,"['Bad Bunny', 'Daddy Yankee', 'Anuel AA', 'Cosculluela']","['4q3ewBCX7sLwd24euuV69X', '4VMYDCV2IEDYJArk749S6m', '2R21vXR83lH98kGeO99Y66', '00me4Ke1LsvMxt5kydlMyU']",1,1,True,0.848,0.574,7,-3.195,1,0.271,0.449,0.0,0.073,0.493,91.964,331440,4.0,2017,2017-10-25
36DHxTW2xdr9GG15T9oK9L,EL MUNDO ES MÍO,EL ÚLTIMO TOUR DEL MUNDO,2d9BCZeAAhiZWPpbX9aPCW,['Bad Bunny'],['4q3ewBCX7sLwd24euuV69X'],1,1,False,0.716,0.522,5,-6.834,1,0.0582,0.166,6.500000000000001e-05,0.113,0.2239999999999999,76.993,165199,4.0,2020,2020-11-27
5RubKOuDoPn5Kj5TLVxSxY,TE MUDASTE,EL ÚLTIMO TOUR DEL MUNDO,2d9BCZeAAhiZWPpbX9aPCW,['Bad Bunny'],['4q3ewBCX7sLwd24euuV69X'],2,1,True,0.8109999999999999,0.637,10,-4.835,0,0.0591,0.2339999999999999,0.000572,0.118,0.471,92.025,130014,4.0,2020,2020-11-27
0tjZv2hChdHZCW1zFXpy1J,HOY COBRÉ,EL ÚLTIMO TOUR DEL MUNDO,2d9BCZeAAhiZWPpbX9aPCW,['Bad Bunny'],['4q3ewBCX7sLwd24euuV69X'],3,1,True,0.86,0.725,11,-6.7,1,0.249,0.0464,9.1e-05,0.0994,0.375,145.001,162151,4.0,2020,2020-11-27
0Lsis3LB0XAK6XlTHXaJk2,MALDITA POBREZA,EL ÚLTIMO TOUR DEL MUNDO,2d9BCZeAAhiZWPpbX9aPCW,['Bad Bunny'],['4q3ewBCX7sLwd24euuV69X'],4,1,True,0.762,0.861,4,-4.075,0,0.0652,0.139,1.08e-06,0.0956,0.588,133.037,213609,4.0,2020,2020-11-27
2XIc1pqjXV3Cr2BQUGNBck,LA NOCHE DE ANOCHE,EL ÚLTIMO TOUR DEL MUNDO,2d9BCZeAAhiZWPpbX9aPCW,"['Bad Bunny', 'ROSALÍA']","['4q3ewBCX7sLwd24euuV69X', '7ltDVBr6mKbRvohxheJ9h1']",5,1,False,0.856,0.618,7,-4.892,1,0.286,0.0303,0.0,0.0866,0.391,81.993,203201,4.0,2020,2020-11-27
23XjN1s3DZC8Q9ZwuorYY4,TE DESEO LO MEJOR,EL ÚLTIMO TOUR DEL MUNDO,2d9BCZeAAhiZWPpbX9aPCW,['Bad Bunny'],['4q3ewBCX7sLwd24euuV69X'],6,1,True,0.763,0.597,1,-5.053999999999999,1,0.0416,0.158,1.83e-05,0.111,0.1939999999999999,126.054,139576,4.0,2020,2020-11-27
5fROvzNghPid8mbKNDYvpJ,YO VISTO ASÍ,EL ÚLTIMO TOUR DEL MUNDO,2d9BCZeAAhiZWPpbX9aPCW,['Bad Bunny'],['4q3ewBCX7sLwd24euuV69X'],7,1,False,0.688,0.8809999999999999,7,-4.888999999999999,0,0.0474,0.0947,0.0,0.0804,0.677,123.013,191526,4.0,2020,2020-11-27
26QApq0cuO9brJigr0C0W4,HACIENDO QUE ME AMAS,EL ÚLTIMO TOUR DEL MUNDO,2d9BCZeAAhiZWPpbX9aPCW,['Bad Bunny'],['4q3ewBCX7sLwd24euuV69X'],8,1,True,0.584,0.411,10,-7.147,0,0.0838,0.8690000000000001,4.47e-05,0.0955,0.412,169.93400000000003,217769,4.0,2020,2020-11-27
26w9NTiE9NGjW1ZvIOd1So,BOOKER T,EL ÚLTIMO TOUR DEL MUNDO,2d9BCZeAAhiZWPpbX9aPCW,['Bad Bunny'],['4q3ewBCX7sLwd24euuV69X'],9,1,True,0.883,0.6,7,-7.188,1,0.37,0.114,7.94e-06,0.0931,0.691,113.903,156430,4.0,2020,2020-11-27
67ACYA3UI6QMNtHX6b34wX,LA DROGA,EL ÚLTIMO TOUR DEL MUNDO,2d9BCZeAAhiZWPpbX9aPCW,['Bad Bunny'],['4q3ewBCX7sLwd24euuV69X'],10,1,True,0.643,0.727,1,-5.506,1,0.0389,0.0439,0.0,0.123,0.295,90.01899999999998,162299,4.0,2020,2020-11-27
4MzXwWMhyBbmu6hOcLVD49,DÁKITI,EL ÚLTIMO TOUR DEL MUNDO,2d9BCZeAAhiZWPpbX9aPCW,"['Bad Bunny', 'Jhay Cortez']","['4q3ewBCX7sLwd24euuV69X', '0EFisYRi20PTADoJrifHrz']",11,1,True,0.731,0.573,4,-10.059,0,0.0544,0.401,5.22e-05,0.113,0.145,109.928,205090,4.0,2020,2020-11-27
09WAnxdBuebQopKhJT3oZS,TRELLAS,EL ÚLTIMO TOUR DEL MUNDO,2d9BCZeAAhiZWPpbX9aPCW,['Bad Bunny'],['4q3ewBCX7sLwd24euuV69X'],12,1,False,0.43,0.412,2,-5.372000000000001,1,0.0281,0.2,0.0,0.324,0.0508,90.872,157673,4.0,2020,2020-11-27
5jZ32WOU7sqzDYbzINwMUk,SORRY PAPI,EL ÚLTIMO TOUR DEL MUNDO,2d9BCZeAAhiZWPpbX9aPCW,"['Bad Bunny', 'ABRA']","['4q3ewBCX7sLwd24euuV69X', '3ZJxEmjYZd5VOqZ8o3aXiL']",13,1,True,0.612,0.561,1,-6.053999999999999,1,0.0851,0.0601,0.0,0.145,0.3929999999999999,191.911,163053,4.0,2020,2020-11-27
3KJ3opyV29269SXkPrc19l,120,EL ÚLTIMO TOUR DEL MUNDO,2d9BCZeAAhiZWPpbX9aPCW,['Bad Bunny'],['4q3ewBCX7sLwd24euuV69X'],14,1,True,0.636,0.6559999999999999,2,-5.5420000000000025,0,0.0676,0.451,7.97e-06,0.287,0.439,171.918,151506,4.0,2020,2020-11-27
7kjEqI6eZ7YlFrGhxixnlN,ANTES QUE SE ACABE,EL ÚLTIMO TOUR DEL MUNDO,2d9BCZeAAhiZWPpbX9aPCW,['Bad Bunny'],['4q3ewBCX7sLwd24euuV69X'],15,1,False,0.693,0.5489999999999999,2,-6.098,1,0.0577,0.505,4.73e-05,0.324,0.473,139.988,221187,4.0,2020,2020-11-27
